{
	"description": "项目配置文件。",
	"setting": {
		"urlCheck": true,
		"es6": true,
		"postcss": true,
		"minified": true,
		"newFeature": true
	},
	"compileType": "miniprogram",
	"libVersion": "1.6.4",
	"appid": "wxc782fe40668a6b88",
	"projectname": "aftdcNew",
	"condition": {
		"search": {
			"current": -1,
			"list": []
		},
		"conversation": {
			"current": -1,
			"list": []
		},
		"plugin": {
			"current": -1,
			"list": []
		},
		"game": {
			"current": -1,
			"list": []
		},
		"miniprogram": {
			"current": -1,
			"list": [
				{
					"id": 0,
					"name": "123",
					"pathName": "pages/direct/userArticle/userArticle",
					"query": ""
				},
				{
					"id": 1,
					"name": "321",
					"pathName": "pages/direct/replyDetail/replyDetail",
					"query": ""
				},
				{
					"id": 2,
					"name": "123",
					"pathName": "pages/order/order",
					"query": ""
				},
				{
					"id": -1,
					"name": "321",
					"pathName": "pages/packageA/pages/settInfo/settInfo",
					"query": ""
				}
			]
		}
	}
}